{"cameraMode":{"drawMode":0,"name":"Shaded","section":"Shading Mode"},"sceneLighting":true,"audioPlay":false,"sceneViewState":{"showFog":true,"showMaterialUpdate":false,"showSkybox":true,"showFlares":true,"showImageEffects":true,"showParticleSystems":true},"in2DMode":false,"pivot":{"x":-1.2613320350646973,"y":-1.711176872253418,"z":-7.7198944091796879},"rotation":{"x":0.2998545169830322,"y":0.3762800693511963,"z":-0.1301463395357132,"w":0.8669291734695435},"size":3.9928200244903566,"orthographic":false}