{"cameraMode":{"drawMode":0,"name":"Shaded","section":"Shading Mode"},"sceneLighting":true,"audioPlay":false,"sceneViewState":{"showFog":true,"showMaterialUpdate":false,"showSkybox":true,"showFlares":true,"showImageEffects":true,"showParticleSystems":true},"in2DMode":false,"pivot":{"x":390.5546875,"y":299.28466796875,"z":-96.375},"rotation":{"x":-0.0014970294432714582,"y":-0.06295810639858246,"z":-0.00009443526505492628,"w":0.9980148673057556},"size":376.87908935546877,"orthographic":true}